window,start_year,end_year,country,series,survey,education,education_label,common_quarters,share_0,share_1,income_0_usd_2017_ppp,income_1_usd_2017_ppp,education_component_usd_2017_ppp,within_income_component_usd_2017_ppp
2016-2019,2016,2019,Bolivia,1,ECE,Educational attainment - low,Low,"Q1,Q2,Q3,Q4",0.5694691860507985,0.5518362942174323,808.3108327223985,840.9325101168182,-14.540464735591637,18.289432818952566
2016-2019,2016,2019,Bolivia,1,ECE,Educational attainment - middle,Middle,"Q1,Q2,Q3,Q4",0.3679010427598308,0.3862036368400178,1170.290280936636,1178.0877494851657,21.490704918819606,2.940053760739424
2016-2019,2016,2019,Bolivia,1,ECE,Educational attainment - high,High,"Q1,Q2,Q3,Q4",0.06262977118937058,0.061960068942549906,1518.5276439326105,1656.945144760073,-1.0633106306526932,8.622707149776755
2016-2019,2016,2019,Brazil,2,PNADC,Educational attainment - low,Low,"Q1,Q2,Q3,Q4",0.4323708722522567,0.3865659002514668,522.9313818837704,520.9871649326435,-23.90832990401554,-0.7960953775014541
2016-2019,2016,2019,Brazil,2,PNADC,Educational attainment - middle,Middle,"Q1,Q2,Q3,Q4",0.40305098593817484,0.42331360371305315,767.7731343995056,753.1375354323111,15.408815786268123,-6.047170367412802
2016-2019,2016,2019,Brazil,2,PNADC,Educational attainment - high,High,"Q1,Q2,Q3,Q4",0.16457814180956848,0.19012049603548004,2123.7459435159426,2086.0180559736573,53.76364164122676,-6.691015160009888
2016-2019,2016,2019,Colombia,1,GEIH,Educational attainment - low,Low,"Q1,Q2,Q3,Q4",0.45843623177283027,0.41978104625361756,458.54862269386143,458.6171863987894,-17.726607251177622,0.030106915156617935
2016-2019,2016,2019,Colombia,1,GEIH,Educational attainment - middle,Middle,"Q1,Q2,Q3,Q4",0.4030781344981888,0.4302232511984938,700.8187333196433,695.1449876040477,18.946799056932804,-2.363970083448215
2016-2019,2016,2019,Colombia,1,GEIH,Educational attainment - high,High,"Q1,Q2,Q3,Q4",0.1384856337289809,0.14999570254788866,1931.1866595143292,1942.4902020625805,22.29314362948043,1.630430529490985
2016-2019,2016,2019,Costa Rica,1,ECE,Educational attainment - low,Low,"Q1,Q2,Q3,Q4",0.5478872077635863,0.5316313449501647,854.1284228269845,799.0819069973743,-13.43718016167814,-29.711867550157724
2016-2019,2016,2019,Costa Rica,1,ECE,Educational attainment - middle,Middle,"Q1,Q2,Q3,Q4",0.32204737360178076,0.31400055312396447,1401.6250225967808,1228.4176681106585,-10.581740690557847,-55.08408935727466
2016-2019,2016,2019,Costa Rica,1,ECE,Educational attainment - high,High,"Q1,Q2,Q3,Q4",0.13006541863463297,0.1543681019258708,2998.5376267321303,2875.2711796646577,71.37465756757243,-17.530554753193115
2016-2019,2016,2019,Dominican Republic,1,ECFNT,Educational attainment - low,Low,"Q1,Q2,Q3,Q4",0.560126515237807,0.5195518727819947,631.1935062284549,636.1948515629364,-25.71191473502242,2.699922234331655
2016-2019,2016,2019,Dominican Republic,1,ECFNT,Educational attainment - middle,Middle,"Q1,Q2,Q3,Q4",0.3088604268530746,0.33993421527034984,720.1323355745224,751.5754255290436,22.86576779029705,10.200054147149133
2016-2019,2016,2019,Dominican Republic,1,ECFNT,Educational attainment - high,High,"Q1,Q2,Q3,Q4",0.13101305790911838,0.1405139119476555,1551.3768202371753,1872.7009736344717,16.265831668085355,43.624086856880545
2016-2019,2016,2019,Ecuador,1,ENEMDU,Educational attainment - low,Low,"Q1,Q2,Q3,Q4",0.4407674489711485,0.408754100588094,584.0533166001825,585.4607133050401,-18.72003003911294,0.5978069147776258
2016-2019,2016,2019,Ecuador,1,ENEMDU,Educational attainment - middle,Middle,"Q1,Q2,Q3,Q4",0.3756426238915463,0.39643992336021094,799.6798939825342,794.6367201389289,16.578740035875768,-1.9468732537020865
2016-2019,2016,2019,Ecuador,1,ENEMDU,Educational attainment - high,High,"Q1,Q2,Q3,Q4",0.1835899271373052,0.19480597605169506,1563.7640340569947,1538.688693496189,17.398630773409355,-4.7442030696389175
2016-2019,2016,2019,El Salvador,1,EHPM,Educational attainment - low,Low,"Q1,Q2,Q3,Q4",0.7000344772175285,0.6784839813908022,496.35861881224145,559.705407492545,-11.379351695818539,43.66235874467983
2016-2019,2016,2019,El Salvador,1,EHPM,Educational attainment - middle,Middle,"Q1,Q2,Q3,Q4",0.24008178704291055,0.24782503633754063,806.0379729960515,869.5189260590264,6.4871273883603955,15.486395077059802
2016-2019,2016,2019,El Salvador,1,EHPM,Educational attainment - high,High,"Q1,Q2,Q3,Q4",0.059883735739560934,0.07369098227165709,1449.206347010158,1539.1060379314995,20.630182906902842,6.004162932056924
2016-2019,2016,2019,Guatemala,1,ENEI,Educational attainment - low,Low,Q4,0.7214468940518772,0.683907398287293,453.9,456.2,-17.08234754767407,1.6161574361900537
2016-2019,2016,2019,Guatemala,1,ENEI,Educational attainment - middle,Middle,Q4,0.2312754683711173,0.2627890569818482,907.3999999999999,808.3,27.03393198971549,-24.480897231239418
2016-2019,2016,2019,Guatemala,1,ENEI,Educational attainment - high,High,Q4,0.047277637577005455,0.05330354473085885,1526.4,1508.5,9.14401281061483,-0.9002015816553901
2016-2019,2016,2019,Mexico,1,ENOE,Educational attainment - low,Low,"Q1,Q2,Q3,Q4",0.6188383787881714,0.5876505342457743,488.97464028176455,500.9196924588941,-15.436335281457781,7.205786508659383
2016-2019,2016,2019,Mexico,1,ENOE,Educational attainment - middle,Middle,"Q1,Q2,Q3,Q4",0.21613617663382884,0.23530061470912336,646.9606204960426,629.5979851798968,12.232264173980433,-3.9190661881893356
2016-2019,2016,2019,Mexico,1,ENOE,Educational attainment - high,High,"Q1,Q2,Q3,Q4",0.16502544457799975,0.1770488510451024,1198.4358290102464,1098.496760133932,13.808477073407474,-17.093293295546975
2016-2019,2016,2019,Peru (Lima and Callao),1,EPE,Educational attainment - low,Low,"Q1,Q2,Q3,Q4",0.17076119301865147,0.16402773900848516,587.3769750075082,558.2877264727857,-3.8571402892442377,-4.869379225205851
2016-2019,2016,2019,Peru (Lima and Callao),1,EPE,Educational attainment - middle,Middle,"Q1,Q2,Q3,Q4",0.5133440922847873,0.5165377827606298,723.9595704490066,694.5339137230468,2.2651145652224676,-15.152475261687139
2016-2019,2016,2019,Peru (Lima and Callao),1,EPE,Educational attainment - high,High,"Q1,Q2,Q3,Q4",0.3158947146965613,0.31943447823088505,1437.2919401950426,1411.868155285569,5.042676504716366,-8.076236373848433
2016-2019,2016,2019,Uruguay,1,ECH,Educational attainment - low,Low,"Q1,Q2,Q3,Q4",0.6462824152126319,0.6158672436603291,853.3093792141954,845.6625236951315,-25.83726094476474,-4.82573804241861
2016-2019,2016,2019,Uruguay,1,ECH,Educational attainment - middle,Middle,"Q1,Q2,Q3,Q4",0.22047801210001758,0.2331968699319519,1268.1471997385838,1223.9270697010363,15.848169169812065,-10.030781139111358
2016-2019,2016,2019,Uruguay,1,ECH,Educational attainment - high,High,"Q1,Q2,Q3,Q4",0.13323957268735054,0.15093588640771904,2222.4203412027077,2196.6507245933626,39.10063396646523,-3.66154631533229
2016-2019,2016,2019,Argentina,1,EPHC-S2,Educational attainment - low,Low,"Q2,Q3,Q4",0.3666416162133481,0.3276542863016269,865.074150108325,718.5916415887482,-30.871450345400476,-50.851102727628536
2016-2019,2016,2019,Argentina,1,EPHC-S2,Educational attainment - middle,Middle,"Q2,Q3,Q4",0.40743488537110384,0.4249026678393352,1194.8371716545412,1019.7280381783157,19.34177167353677,-72.87495385120084
2016-2019,2016,2019,Argentina,1,EPHC-S2,Educational attainment - high,High,"Q2,Q3,Q4",0.22592349841554812,0.2474430458590379,1985.639798709175,1729.7477732015323,39.97672956234237,-60.565361910988535
2016-2019,2016,2019,Chile,2,NENE,Educational attainment - low,Low,Q4,0.3193950042830254,0.2827167325692537,632.2,649.3,-23.501602600599213,5.14805535008696
2016-2019,2016,2019,Chile,2,NENE,Educational attainment - middle,Middle,Q4,0.5393233487998478,0.5423200059164185,1080.4,1046.1,3.186195679193809,-18.550183533384065
2016-2019,2016,2019,Chile,2,NENE,Educational attainment - high,High,Q4,0.14128164691712677,0.17496326151432784,2659.8,2553.3,87.79281252833444,-16.840041373974955
2016-2023,2016,2023,Bolivia,1,ECE,Educational attainment - low,Low,"Q1,Q2,Q3,Q4",0.5694691860507985,0.48223671167087445,808.3108327223985,764.6155756743275,-68.6051313109867,-22.977279769960372
2016-2023,2016,2023,Bolivia,1,ECE,Educational attainment - middle,Middle,"Q1,Q2,Q3,Q4",0.3679010427598308,0.44166097508876223,1170.290280936636,1015.522852700211,80.61271441037167,-62.646915750158755
2016-2023,2016,2023,Bolivia,1,ECE,Educational attainment - high,High,"Q1,Q2,Q3,Q4",0.06262977118937058,0.07610231324036336,1518.5276439326105,1536.1311955777321,20.577009833369953,1.221088706547094
2016-2023,2016,2023,Brazil,2,PNADC,Educational attainment - low,Low,"Q1,Q2,Q3,Q4",0.4323708722522567,0.3336127233055157,522.9313818837704,539.9152468386666,-52.48238283345595,6.504680972309498
2016-2023,2016,2023,Brazil,2,PNADC,Educational attainment - middle,Middle,"Q1,Q2,Q3,Q4",0.40305098593817484,0.45127454077587864,767.7731343995056,746.6643493429139,36.51577952276335,-9.016886955883235
2016-2023,2016,2023,Brazil,2,PNADC,Educational attainment - high,High,"Q1,Q2,Q3,Q4",0.16457814180956848,0.21511273591860564,2123.7459435159426,1913.4898079227785,102.0100350107247,-39.916168335551234
2016-2023,2016,2023,Costa Rica,1,ECE,Educational attainment - low,Low,"Q1,Q2,Q3,Q4",0.5478872077635863,0.48060177594820275,854.1284228269845,787.6137760718492,-55.23266639122271,-34.204790721568905
2016-2023,2016,2023,Costa Rica,1,ECE,Educational attainment - middle,Middle,"Q1,Q2,Q3,Q4",0.32204737360178076,0.3552630179455547,1401.6250225967808,1163.6469737622,42.60358113805143,-80.59250271791039
2016-2023,2016,2023,Costa Rica,1,ECE,Educational attainment - high,High,"Q1,Q2,Q3,Q4",0.13006541863463297,0.16413520610624258,2998.5376267321303,2395.912555244737,91.89388561306882,-88.64633625805293
2016-2023,2016,2023,Dominican Republic,1,ECFNT,Educational attainment - low,Low,"Q1,Q2,Q3,Q4",0.560126515237807,0.4865619658432127,631.1935062284549,629.9822596386877,-46.388913461699346,-0.6338989266290274
2016-2023,2016,2023,Dominican Republic,1,ECFNT,Educational attainment - middle,Middle,"Q1,Q2,Q3,Q4",0.3088604268530746,0.3659468797247176,720.1323355745224,758.1917133900345,42.19613807511585,12.84137311685615
2016-2023,2016,2023,Dominican Republic,1,ECFNT,Educational attainment - high,High,"Q1,Q2,Q3,Q4",0.13101305790911838,0.14749115443206967,1551.3768202371753,1488.1408710016467,25.042732949725686,-8.805739116744116
2016-2023,2016,2023,El Salvador,1,EHPM,Educational attainment - low,Low,"Q1,Q2,Q3,Q4",0.7000344772175285,0.6757294194365995,496.35861881224145,596.1288064723235,-13.276484998239887,68.63011107257404
2016-2023,2016,2023,El Salvador,1,EHPM,Educational attainment - middle,Middle,"Q1,Q2,Q3,Q4",0.24008178704291055,0.23780781623464067,806.0379729960515,869.6454876436445,-1.905227636697661,15.198684970204626
2016-2023,2016,2023,El Salvador,1,EHPM,Educational attainment - high,High,"Q1,Q2,Q3,Q4",0.059883735739560934,0.08646276432875981,1449.206347010158,1335.0278603217273,37.00112029784982,-8.354810954974589
2016-2023,2016,2023,Mexico,1,ENOE,Educational attainment - low,Low,"Q1,Q2,Q3,Q4",0.6188383787881714,0.5377291864799543,488.97464028176455,545.1360443260693,-41.93794119291942,32.47722916878049
2016-2023,2016,2023,Mexico,1,ENOE,Educational attainment - middle,Middle,"Q1,Q2,Q3,Q4",0.21613617663382884,0.2554205844973588,646.9606204960426,663.4621108925007,25.73959052675427,3.8906946825956052
2016-2023,2016,2023,Mexico,1,ENOE,Educational attainment - high,High,"Q1,Q2,Q3,Q4",0.16502544457799975,0.2068502290226869,1198.4358290102464,1107.6340533160526,48.22543787134126,-16.883485750208386
2016-2023,2016,2023,Peru (Lima and Callao),1,EPE,Educational attainment - low,Low,"Q1,Q2,Q3,Q4",0.17076119301865147,0.16024706190092075,587.3769750075082,499.69008067469,-5.714782778604059,-14.51254293621154
2016-2023,2016,2023,Peru (Lima and Callao),1,EPE,Educational attainment - middle,Middle,"Q1,Q2,Q3,Q4",0.5133440922847873,0.5058392847897282,723.9595704490066,642.9804826886362,-5.1293109780419375,-41.26627006801392
2016-2023,2016,2023,Peru (Lima and Callao),1,EPE,Educational attainment - high,High,"Q1,Q2,Q3,Q4",0.3158947146965613,0.3339136533093511,1437.2919401950426,1253.6433193166624,24.243898626066507,-59.66820530975836
2016-2023,2016,2023,Argentina,1,EPHC-S2,Educational attainment - low,Low,"Q2,Q3,Q4",0.3666416162133481,0.30060325634445256,865.074150108325,638.5063044668979,-49.64699357553807,-75.58811664535473
2016-2023,2016,2023,Argentina,1,EPHC-S2,Educational attainment - middle,Middle,"Q2,Q3,Q4",0.40743488537110384,0.4505188819435783,1194.8371716545412,883.830534090587,44.77865615481823,-133.41465817893322
2016-2023,2016,2023,Argentina,1,EPHC-S2,Educational attainment - high,High,"Q2,Q3,Q4",0.22592349841554812,0.24887786171196924,1985.639798709175,1487.0135629217027,39.856273432706615,-118.37420747357801
2016-2023,2016,2023,Chile,2,NENE,Educational attainment - low,Low,Q4,0.3193950042830254,0.19847251443745523,632.2,673.7,-78.95633974466506,10.745751013449974
2016-2023,2016,2023,Chile,2,NENE,Educational attainment - middle,Middle,Q4,0.5393233487998478,0.55309769211844,1080.4,1019.0,14.458928181526206,-33.53732595619148
2016-2023,2016,2023,Chile,2,NENE,Educational attainment - high,High,Q4,0.14128164691712677,0.24842979344410487,2659.8,2336.6,267.67749965369666,-62.977368762375086
2019-2023,2019,2023,Bolivia,1,ECE,Educational attainment - low,Low,"Q1,Q2,Q3,Q4",0.5518362942174323,0.48223671167087445,840.9325101168182,764.6155756743275,-55.87273826474439,-39.45864089956361
2019-2023,2019,2023,Bolivia,1,ECE,Educational attainment - middle,Middle,"Q1,Q2,Q3,Q4",0.3862036368400178,0.44166097508876223,1178.0877494851657,1015.522852700211,60.8259025757132,-67.29086259505931
2019-2023,2019,2023,Bolivia,1,ECE,Educational attainment - high,High,"Q1,Q2,Q3,Q4",0.061960068942549906,0.07610231324036336,1656.945144760073,1536.1311955777321,22.578632833312685,-8.3399308125197
2019-2023,2019,2023,Brazil,2,PNADC,Educational attainment - low,Low,"Q1,Q2,Q3,Q4",0.3865659002514668,0.3336127233055157,520.9871649326435,539.9152468386666,-28.089076566456225,6.815799986826759
2019-2023,2019,2023,Brazil,2,PNADC,Educational attainment - middle,Middle,"Q1,Q2,Q3,Q4",0.42331360371305315,0.45127454077587864,753.1375354323111,746.6643493429139,20.967933053453553,-2.830685905428751
2019-2023,2019,2023,Brazil,2,PNADC,Educational attainment - high,High,"Q1,Q2,Q3,Q4",0.19012049603548004,0.21511273591860564,2086.0180559736573,1913.4898079227785,49.97832997447349,-34.9570897805169
2019-2023,2019,2023,Costa Rica,1,ECE,Educational attainment - low,Low,"Q1,Q2,Q3,Q4",0.5316313449501647,0.48060177594820275,799.0819069973743,787.6137760718492,-40.48419842214807,-5.804210978807672
2019-2023,2019,2023,Costa Rica,1,ECE,Educational attainment - middle,Middle,"Q1,Q2,Q3,Q4",0.31400055312396447,0.3552630179455547,1228.4176681106585,1163.6469737622,49.35124156812434,-21.674333100150793
2019-2023,2019,2023,Costa Rica,1,ECE,Educational attainment - high,High,"Q1,Q2,Q3,Q4",0.1543681019258708,0.16413520610624258,2875.2711796646577,2395.912555244737,25.74210034637062,-76.33865380573404
2019-2023,2019,2023,Dominican Republic,1,ECFNT,Educational attainment - low,Low,"Q1,Q2,Q3,Q4",0.5195518727819947,0.4865619658432127,636.1948515629364,629.9822596386877,-20.885532533278674,-3.125287354358925
2019-2023,2019,2023,Dominican Republic,1,ECFNT,Educational attainment - middle,Middle,"Q1,Q2,Q3,Q4",0.33993421527034984,0.3659468797247176,751.5754255290436,758.1917133900345,19.636532994466428,2.3351562600593927
2019-2023,2019,2023,Dominican Republic,1,ECFNT,Educational attainment - high,High,"Q1,Q2,Q3,Q4",0.1405139119476555,0.14749115443206967,1872.7009736344717,1488.1408710016467,11.724704250896007,-55.37762894288034
2019-2023,2019,2023,El Salvador,1,EHPM,Educational attainment - low,Low,"Q1,Q2,Q3,Q4",0.6784839813908022,0.6757294194365995,559.705407492545,596.1288064723235,-1.59190847557674,24.662527501049603
2019-2023,2019,2023,El Salvador,1,EHPM,Educational attainment - middle,Middle,"Q1,Q2,Q3,Q4",0.24782503633754063,0.23780781623464067,869.5189260590264,869.6454876436445,-8.710796363595309,0.030731231682075658
2019-2023,2019,2023,El Salvador,1,EHPM,Educational attainment - high,High,"Q1,Q2,Q3,Q4",0.07369098227165709,0.08646276432875981,1539.1060379314995,1335.0278603217273,18.35390587571063,-16.341942371795163
2019-2023,2019,2023,Mexico,1,ENOE,Educational attainment - low,Low,"Q1,Q2,Q3,Q4",0.5876505342457743,0.5377291864799543,500.9196924588941,545.1360443260693,-26.110256109236623,24.88009285789609
2019-2023,2019,2023,Mexico,1,ENOE,Educational attainment - middle,Middle,"Q1,Q2,Q3,Q4",0.23530061470912336,0.2554205844973588,629.5979851798968,663.4621108925007,13.008165033674743,8.308922189884035
2019-2023,2019,2023,Mexico,1,ENOE,Educational attainment - high,High,"Q1,Q2,Q3,Q4",0.1770488510451024,0.2068502290226869,1098.496760133932,1107.6340533160526,32.87286911980948,1.7538992234628963
2019-2023,2019,2023,Peru (Lima and Callao),1,EPE,Educational attainment - low,Low,"Q1,Q2,Q3,Q4",0.16402773900848516,0.16024706190092075,558.2877264727857,499.69008067469,-1.9999362378968288,-9.500869962468684
2019-2023,2019,2023,Peru (Lima and Callao),1,EPE,Educational attainment - middle,Middle,"Q1,Q2,Q3,Q4",0.5165377827606298,0.5058392847897282,694.5339137230468,642.9804826886362,-7.154697528031042,-26.353522821560134
2019-2023,2019,2023,Peru (Lima and Callao),1,EPE,Educational attainment - high,High,"Q1,Q2,Q3,Q4",0.31943447823088505,0.3339136533093511,1411.868155285569,1253.6433193166624,19.297203657212922,-51.68795047177271
2019-2023,2019,2023,Argentina,1,EPHC-S2,Educational attainment - low,Low,"Q1,Q2,Q3,Q4",0.330176864216059,0.30330202792756383,725.6688664272968,647.2536615116068,-18.448534087572497,-24.83718856860326
2019-2023,2019,2023,Argentina,1,EPHC-S2,Educational attainment - middle,Middle,"Q1,Q2,Q3,Q4",0.42435269751611987,0.45168111326609117,1030.0895151877162,892.1086927396465,26.265315890044374,-60.43793285202308
2019-2023,2019,2023,Argentina,1,EPHC-S2,Educational attainment - high,High,"Q1,Q2,Q3,Q4",0.2454704382678211,0.245016858806345,1747.991901436834,1503.2320217240263,-0.7373441981027854,-60.025805916266556
2019-2023,2019,2023,Chile,2,NENE,Educational attainment - low,Low,Q4,0.2827167325692537,0.19847251443745523,649.3,673.7,-55.72755029418471,5.870508813481871
2019-2023,2019,2023,Chile,2,NENE,Educational attainment - middle,Middle,Q4,0.5423200059164185,0.55309769211844,1046.1,1019.0,11.128499887897261,-14.842909808372282
2019-2023,2019,2023,Chile,2,NENE,Educational attainment - high,High,Q4,0.17496326151432784,0.24842979344410487,2553.3,2336.6,179.62199724170836,-45.87463750474624
