window,start_year,end_year,country,series,survey,common_quarters,n_common_quarters,workers_0,workers_1,mean_income_0_usd_2017_ppp,mean_income_1_usd_2017_ppp,change_usd_2017_ppp,education_component_usd_2017_ppp,within_income_component_usd_2017_ppp,residual_usd_2017_ppp,percent_change,education_contribution_percent_initial,within_income_contribution_percent_initial,income_reconstruction_error_0,income_reconstruction_error_1,worker_reconstruction_error_0,worker_reconstruction_error_1,max_abs_period_income_error,max_abs_period_worker_error,midpoint_workers
2016-2019,2016,2019,Argentina,1,EPHC-S2,"Q2,Q3,Q4",3,11413410.666666666,12075402.333333334,1252.5932205278282,1096.748852928489,-155.8443675993392,28.447050890478664,-184.29141848981791,5.684341886080802e-14,-12.441738071492052,2.2710525990625596,-14.712790670554616,-0.00043035521669501745,-0.0006416776451466917,1.6319794350963718e-16,0.0,0.0008767803663463849,0.0,11744406.5
2016-2019,2016,2019,Bolivia,1,ECE,"Q1,Q2,Q3,Q4",4,4814483.5,5621927.25,985.9641655589846,1021.7032888410286,35.73912328204392,5.886929552575276,29.852193729468745,-9.947598300641403e-14,3.624789270285691,0.5970733783451174,3.0277158919405838,-0.01583308379059027,-0.015130488588985812,-0.0005256885448215526,-9.516218994524305e-06,0.017695119638583518,0.0018630240276027623,5218205.375
2016-2019,2016,2019,Brazil,2,PNADC,"Q1,Q2,Q3,Q4",4,90212756.0,94129113.5,885.0741775691899,916.8040241877451,31.729846618555143,45.264127523479345,-13.534280904924145,-5.684341886080802e-14,3.5849929218022734,5.114162029649866,-1.5291691078475864,-0.00642067262422755,-0.005754733543409144,0.0,0.0,0.0072645533103978255,0.0,92170934.75
2016-2019,2016,2019,Chile,2,NENE,Q4,1,8231331.0,8572754.0,1160.387392221258,1197.6226282709151,37.23523604965703,67.47740560692904,-30.24216955727206,5.3290705182007514e-14,3.208862514300497,5.815075728956448,-2.606213214655955,-0.011426655119050826,-0.009901927686081995,-0.0037634225105314103,-0.003816585436596039,0.011426655119050826,0.003816585436596039,8402042.5
2016-2019,2016,2019,Colombia,1,GEIH,"Q1,Q2,Q3,Q4",4,21951964.75,22155569.75,760.1416187120562,782.9515215084912,22.809902796434926,23.51333543523561,-0.703432638800612,-7.260858581048524e-14,3.000743839691717,3.09328352196731,-0.09253968227558321,-0.007786850847693209,-0.007584804557478996,-0.00027874697910252694,-7.88001588143636e-05,0.008658078047219147,0.00046038599467420233,22053767.25
2016-2019,2016,2019,Costa Rica,1,ECE,"Q1,Q2,Q3,Q4",4,1994233.0,2171303.5,1309.3617456686356,1254.3909707233465,-54.97077494528912,47.35573671533644,-102.3265116606255,-5.684341886080802e-14,-4.198287839638836,3.616703853766086,-7.814991693404917,-0.018094292241686648,-0.006558546552080977,-0.0006066320594895321,-0.0010621719674242726,0.022621549123796297,0.001675870128084687,2082768.25
2016-2019,2016,2019,Dominican Republic,1,ECFNT,"Q1,Q2,Q3,Q4",4,4260119.25,4659592.0,779.2192208293229,849.1629687910442,69.94374796172133,13.419684723359982,56.524063238361336,1.4210854715202004e-14,8.976132273441639,1.7221963171130987,7.253935956328538,-0.0013084743203231597,-0.0009177581997070393,-0.0009309725946151687,-0.0008898969491720946,0.0018305481905535896,0.0012777279330040351,4459855.625
2016-2019,2016,2019,Ecuador,1,ENEMDU,"Q1,Q2,Q3,Q4",4,4936888.5,5140802.25,844.9168691423756,854.0809405039845,9.164071361608876,15.257340770172181,-6.093269408563378,7.283063041541027e-14,1.0846121904171204,1.8057801101378166,-0.7211679197207046,-0.00671797572098936,-0.004789576340688286,-8.056044957895646e-05,-4.848229977855697e-05,0.008105207584585668,0.0001726591121307261,5038845.375
2016-2019,2016,2019,El Salvador,1,EHPM,"Q1,Q2,Q3,Q4",4,2640149.25,2741655.0,627.76707313043,708.6579484836712,80.8908753532412,15.737958599444699,65.15291675379656,-5.684341886080802e-14,12.885491899068533,2.506974206366961,10.378517692701582,-0.007150960970552837,-0.005033503407721946,0.0,0.0,0.008611583032499292,0.0,2690902.125
2016-2019,2016,2019,Guatemala,1,ENEI,Q4,1,6642062.0,7267209.0,609.48869120764,604.8193470835914,-4.669344124048621,19.095597252656255,-23.764941376704755,-1.2079226507921703e-13,-0.7661084104443002,3.133051938145114,-3.8991603485893944,-0.007185712318553586,-0.008980260390641353,0.0,0.0,0.008980260390641353,0.0,6954635.5
2016-2019,2016,2019,Mexico,1,ENOE,"Q1,Q2,Q3,Q4",4,50792943.0,54497483.0,640.2002740877803,636.9981070786334,-3.2021670091468195,10.604405965930125,-13.806572975076927,-1.7763568394002505e-14,-0.5001820740719893,1.6564200915159426,-2.156602165587929,0.04187708973010807,0.03908231703112205,-0.0009246271696839362,-0.0012426398262573085,0.0441426804102674,0.0013342301183318667,52645213.0
2016-2019,2016,2019,Peru (Lima and Callao),1,EPE,"Q1,Q2,Q3,Q4",4,4767503.0,4906159.5,925.9744889305784,901.3270488505317,-24.64744008004675,3.4506507806945956,-28.098090860741422,7.815970093361102e-14,-2.6617839232819946,0.3726507395122519,-3.0344346627942547,-0.0056441193100474395,-0.007205374152269346,0.0,0.0,0.00791873261765509,0.0,4836831.25
2016-2019,2016,2019,Uruguay,1,ECH,"Q1,Q2,Q3,Q4",4,1644791.0,1624916.75,1127.191756764233,1137.7852334588833,10.593476694650235,29.111542191512555,-18.51806549686226,-6.039613253960852e-14,0.9398114057416762,2.582661026113378,-1.6428496203716965,-0.0007290905955208974,-0.0007243075176930656,-0.0009511910235750812,-0.0006503793033622765,0.0010136394311471254,0.0011345669614100838,1634853.875
2016-2023,2016,2023,Argentina,1,EPHC-S2,"Q2,Q3,Q4",3,11413410.666666666,13335403.333333332,1252.5932205278282,960.2041742419491,-292.3890462858791,34.987936011986775,-327.37698229786594,5.684341886080802e-14,-23.3426974930193,2.7932400909245914,-26.1359375839439,-0.00043035521669501745,-0.000630353172327159,1.6319794350963718e-16,-1.3967670138443184e-16,0.0007443837160149969,0.0,12374407.0
2016-2023,2016,2023,Bolivia,1,ECE,"Q1,Q2,Q3,Q4",4,4814483.5,6580995.75,985.9641655589846,934.1456516781675,-51.818513880817136,32.584592932754916,-84.40310681357204,-1.4210854715202004e-14,-5.255618377513653,3.3048455583861243,-8.560463935899776,-0.01583308379059027,-0.0153819719508573,-0.0005256885448215526,0.0,0.017695119638583518,0.0018630240276027623,5697739.625
2016-2023,2016,2023,Brazil,2,PNADC,"Q1,Q2,Q3,Q4",4,90212756.0,99281778.5,885.0741775691899,928.6892349500971,43.61505738090716,86.0434317000321,-42.42837431912497,2.842170943040401e-14,4.9278420370023275,9.72160683032759,-4.793764793325265,-0.00642067262422755,-0.0035844059525833465,0.0,0.0,0.0072645533103978255,0.0,94747267.25
2016-2023,2016,2023,Chile,2,NENE,Q4,1,8231331.0,9283492.0,1160.387392221258,1277.7985366066994,117.41114438544128,203.1800880905578,-85.76894370511658,5.684341886080802e-14,10.118271292200818,17.509677324365157,-7.391406032164342,-0.011426655119050826,-0.010149092410954155,-0.0037634225105314103,-0.000821751763806479,0.011426655119050826,0.0037634225105314103,8757411.5
2016-2023,2016,2023,Costa Rica,1,ECE,"Q1,Q2,Q3,Q4",4,1994233.0,2091924.75,1309.3617456686356,1185.182916331001,-124.17882933763462,79.26480035989755,-203.44362969753223,5.684341886080802e-14,-9.483920677262628,6.053697583735377,-15.53761826099801,-0.018094292241686648,-0.0017730924007716019,-0.0006066320594895321,-0.0009645671124521209,0.022621549123796297,0.0018957373349533912,2043078.875
2016-2023,2016,2023,Dominican Republic,1,ECFNT,"Q1,Q2,Q3,Q4",4,4260119.25,4838086.75,779.2192208293229,803.4709134659482,24.251692636625307,20.849957563142187,3.4017350734830067,1.1368683772161603e-13,3.112306779447026,2.6757499052643468,0.43655687418266464,-0.0013084743203231597,-0.0012509088764869375,-0.0009309725946151687,-0.0002496231501501329,0.0018305481905535896,0.001212954568115364,4549103.0
2016-2023,2016,2023,El Salvador,1,EHPM,"Q1,Q2,Q3,Q4",4,2640149.25,2951568.25,627.76707313043,725.0604658811463,97.2933927507163,21.819407662912276,75.47398508780407,-5.684341886080802e-14,15.498326834115721,3.4757171245231744,12.022609709592553,-0.007150960970552837,-0.0024813901362477167,0.0,-7.284210144719469e-06,0.008611583032499292,2.8299443652681586e-05,2795858.75
2016-2023,2016,2023,Mexico,1,ENOE,"Q1,Q2,Q3,Q4",4,50792943.0,58763174.0,640.2002740877803,691.711799394124,51.51152530634374,32.027087205176116,19.48443810116771,-8.526512829121202e-14,8.046157958889095,5.002666899949618,3.0434910589394915,0.04187708973010807,0.035200201156038974,-0.0009246271696839362,-0.001621580717372603,0.0441426804102674,0.0016733800420476806,54778058.5
2016-2023,2016,2023,Peru (Lima and Callao),1,EPE,"Q1,Q2,Q3,Q4",4,4767503.0,5181049.75,925.9744889305784,823.9272754860153,-102.04721344456311,13.39980486942051,-115.44701831398382,1.9895196601282805e-13,-11.020521047228735,1.4471030281726383,-12.467624075401396,-0.0056441193100474395,-0.0051875578085702,0.0,-0.0006891051373557091,0.007427144581665418,0.0011094942791347077,4974276.375
2019-2023,2019,2023,Argentina,1,EPHC-S2,"Q1,Q2,Q3,Q4",4,12040748.25,13293497.5,1105.8006733634681,967.5791836309443,-138.22148973252388,7.079437604369091,-145.3009273368929,-8.526512829121202e-14,-12.499674947031936,0.6402091963677196,-13.139884143399648,-0.0006642536706283915,-0.0005765969934022142,0.0,0.0,0.0008767803663463849,0.0,12667122.875
2019-2023,2019,2023,Bolivia,1,ECE,"Q1,Q2,Q3,Q4",4,5621927.25,6580995.75,1021.7032888410286,934.1456516781675,-87.55763716286106,27.531797144281494,-115.08943430714262,7.105427357601002e-14,-8.569771490329865,2.6946959498889598,-11.264467440218832,-0.015130488588985812,-0.0153819719508573,-9.516218994524305e-06,0.0,0.016476240409861797,1.3003727438310229e-05,6101461.5
2019-2023,2019,2023,Brazil,2,PNADC,"Q1,Q2,Q3,Q4",4,94129113.5,99281778.5,916.8040241877451,928.6892349500971,11.885210762352017,42.85718646147082,-30.971975699118893,9.237055564881302e-14,1.2963741921706637,4.674628964400623,-3.3782547722299685,-0.005754733543409144,-0.0035844059525833465,0.0,0.0,0.0061684038306391445,0.0,96705446.0
2019-2023,2019,2023,Chile,2,NENE,Q4,1,8572754.0,9283492.0,1197.6226282709151,1277.7985366066994,80.17590833578424,135.0229468354209,-54.84703849963665,0.0,6.694588632776534,11.274248135271309,-4.579659502494776,-0.009901927686081995,-0.010149092410954155,-0.003816585436596039,-0.000821751763806479,0.010149092410954155,0.003816585436596039,8928123.0
2019-2023,2019,2023,Costa Rica,1,ECE,"Q1,Q2,Q3,Q4",4,2171303.5,2091924.75,1254.3909707233465,1185.182916331001,-69.2080543923455,34.60914349234689,-103.8171978846925,1.1368683772161603e-13,-5.517263437605627,2.7590395897372786,-8.276303027342914,-0.006558546552080977,-0.0017730924007716019,-0.0010621719674242726,-0.0009645671124521209,0.01013725030367482,0.0018957373349533912,2131614.125
2019-2023,2019,2023,Dominican Republic,1,ECFNT,"Q1,Q2,Q3,Q4",4,4659592.0,4838086.75,849.1629687910442,803.4709134659482,-45.69205532509602,10.475704712083761,-56.167760037179875,9.237055564881302e-14,-5.380834657703919,1.233650676853944,-6.614485334557874,-0.0009177581997070393,-0.0012509088764869375,-0.0008898969491720946,-0.0002496231501501329,0.001814907926875729,0.0012777279330040351,4748839.375
2019-2023,2019,2023,El Salvador,1,EHPM,"Q1,Q2,Q3,Q4",4,2741655.0,2951568.25,708.6579484836712,725.0604658811463,16.402517397475094,8.05120103653858,8.351316360936515,-1.7763568394002505e-15,2.3145887846981563,1.1361194852560235,1.1784692994421335,-0.005033503407721946,-0.0024813901362477167,0.0,-7.284210144719469e-06,0.006923528881388229,2.8299443652681586e-05,2846611.625
2019-2023,2019,2023,Mexico,1,ENOE,"Q1,Q2,Q3,Q4",4,54497483.0,58763174.0,636.9981070786334,691.711799394124,54.71369231549056,19.7707780442476,34.94291427124302,-5.684341886080802e-14,8.589302182767161,3.103742040132471,5.4855601426347,0.03908231703112205,0.035200201156038974,-0.0012426398262573085,-0.001621580717372603,0.040277590843500126,0.0016733800420476806,56630328.5
2019-2023,2019,2023,Peru (Lima and Callao),1,EPE,"Q1,Q2,Q3,Q4",4,4906159.5,5181049.75,901.3270488505317,823.9272754860153,-77.39977336451636,10.142569891285051,-87.54234325580153,1.1368683772161603e-13,-8.587312836469826,1.125292967100004,-9.712605803569843,-0.007205374152269346,-0.0051875578085702,0.0,-0.0006891051373557091,0.00791873261765509,0.0011094942791347077,5043604.625
