country,start_year,end_year,education,education_label,share_0,share_1,income_0_usd_2017_ppp,income_1_usd_2017_ppp,education_component_usd_2017_ppp,within_income_component_usd_2017_ppp
Argentina,2017,2022,Educational attainment - high,High,0.23494657181527223,0.24872786191714688,1983.8,1505.4,24.04283871173051,-115.69492454879463
Argentina,2017,2022,Educational attainment - low,Low,0.35155552813656027,0.3140242475504989,922.2,680.2,-30.07006200555237,-80.53515285813415
Argentina,2017,2022,Educational attainment - middle,Middle,0.41349790004816744,0.43724789053235424,1238.1,874.5,25.087114948446516,-154.6655847275388
Bolivia,2017,2022,Educational attainment - high,High,0.06141721407410222,0.06706597292685518,1543.4,1513.0,8.632433278777066,-1.9529444424145583
Bolivia,2017,2022,Educational attainment - low,Low,0.5531372807372065,0.4957869752885127,819.1,763.4,-45.378429186278964,-29.212540530316303
Bolivia,2017,2022,Educational attainment - middle,Middle,0.38544550518869136,0.43714705178463215,1137.1,1030.4,56.03155112335082,-43.88531291452673
Brazil,2017,2022,Educational attainment - high,High,0.17276120932945346,0.21048285643107792,2142.7,1895.6,76.16566374524501,-47.34980432471364
Brazil,2017,2022,Educational attainment - low,Low,0.41770187495477296,0.3447786764966042,529.9,538.0,-38.937341816739206,3.088046233378086
Brazil,2017,2022,Educational attainment - middle,Middle,0.40953691571577355,0.4447384670723179,766.5,740.1,26.517328636884855,-11.276435052802798
Chile,2017,2022,Educational attainment - high,High,0.1586669216865197,0.23198113332220577,2695.7,2282.3,182.47907276122265,-80.74695297030348
Chile,2017,2022,Educational attainment - low,Low,0.2990469265796736,0.217279632687923,665.8,659.3,-54.17492056797934,-1.6780613176196888
Chile,2017,2022,Educational attainment - middle,Middle,0.5422861517338068,0.5507392339898712,1081.5,994.5,8.774299381794897,-47.54660427897999
Colombia,2017,2022,Educational attainment - high,High,0.13740729966118334,0.28796416410105463,1858.0,1721.4,269.45162028803765,-29.052870974960836
Colombia,2017,2022,Educational attainment - low,Low,0.4519319910552545,0.36181166434238604,469.3,441.5,-41.04079678504029,-11.311036810027208
Colombia,2017,2022,Educational attainment - middle,Middle,0.41066070928356213,0.3502241715565593,699.3,628.1,-40.111730089411765,-27.087501757908296
Costa Rica,2017,2022,Educational attainment - high,High,0.13048555084352578,0.15413153224079945,2891.0,2324.8,61.66635488595,-80.57509622117244
Costa Rica,2017,2022,Educational attainment - low,Low,0.5703207329031481,0.4995794227940415,843.0,709.7,-54.92001610320492,-71.30884537721766
Costa Rica,2017,2022,Educational attainment - middle,Middle,0.2991937162533261,0.34628904496515905,1410.9,1051.2,57.97670441070199,-116.09007460514457
Dominican Republic,2017,2022,Educational attainment - high,High,0.12903576217927207,0.1471860438878901,1683.6,1390.2,27.895167957975072,-40.52173895005267
Dominican Republic,2017,2022,Educational attainment - low,Low,0.5575850264703451,0.4789694004656419,615.9,610.5,-48.207101866084024,-2.7986969527271532
Dominican Republic,2017,2022,Educational attainment - middle,Middle,0.3133792113503828,0.373844555646468,740.0,714.7,43.97946817375756,-8.693380652510147
Ecuador,2017,2022,Educational attainment - high,High,0.18019525105973427,0.1471978312025216,1497.7,1359.4,-47.13846413702115,-22.639231638434985
Ecuador,2017,2022,Educational attainment - low,Low,0.4176474866174458,0.4718479003537386,616.0,510.1,30.517542954219664,-47.0987807401242
Ecuador,2017,2022,Educational attainment - middle,Middle,0.40215726232281995,0.3809542684437398,816.2,694.3,-16.01356112717528,-47.73064780022185
El Salvador,2017,2022,Educational attainment - high,High,0.039623174297678185,0.0561975499986759,1358.2,1163.0,20.893658008677715,-9.35210269132416
El Salvador,2017,2022,Educational attainment - low,Low,0.7577180160732399,0.7200537584202245,491.2,541.9,-19.455472290665103,37.46151448340931
El Salvador,2017,2022,Educational attainment - middle,Middle,0.20265880962908195,0.22374869158109967,793.2,773.3,16.51865003891788,-4.242754637041326
Guatemala,2017,2022,Educational attainment - high,High,0.04278438386879158,0.058990576997547436,1853.4,1556.3,27.629128355559416,-15.11867043669467
Guatemala,2017,2022,Educational attainment - low,Low,0.7400971764045995,0.7912254018853488,424.9,534.9,24.536435408211617,84.22274180594715
Guatemala,2017,2022,Educational attainment - middle,Middle,0.21711843972660888,0.14978402111710376,853.5,763.1,-54.42641056206298,-16.58399123013581
Mexico,2017,2022,Educational attainment - high,High,0.17365605641189844,0.20238938196434236,1103.8,1026.6,30.606738378463266,-14.515353921322905
Mexico,2017,2022,Educational attainment - low,Low,0.6006618643488013,0.5434175310098721,487.6,526.8,-29.03432586950489,22.42395614902996
Mexico,2017,2022,Educational attainment - middle,Middle,0.22568207923930025,0.2541930870257855,625.6,639.3,18.03178687456261,3.287144888915821
Paraguay,2017,2022,Educational attainment - high,High,0.1258772976141039,0.17081228566173312,1949.7,1671.2,81.35254911083031,-41.31402447116031
Paraguay,2017,2022,Educational attainment - low,Low,0.5608225318595617,0.4883734473014595,751.4,676.1,-51.710534103345424,-39.50222861541243
Paraguay,2017,2022,Educational attainment - middle,Middle,0.3133001705263344,0.3408142670368074,1061.7,897.1,26.947306122357244,-53.83361821144658
Peru (Lima and Callao),2017,2022,Educational attainment - high,High,0.313714179424096,0.3350666627910954,1450.2,1217.7,28.483145187408862,-75.42077290751601
Peru (Lima and Callao),2017,2022,Educational attainment - low,Low,0.16320662769028407,0.16261185027086486,571.6,485.1,-0.31425064955014087,-14.091649171819691
Peru (Lima and Callao),2017,2022,Educational attainment - middle,Middle,0.5230791928856199,0.5023214869380397,703.9,623.5,-13.776889437408977,-41.221107328911096
Uruguay,2017,2022,Educational attainment - high,High,0.14939698144474184,0.17552231395450926,2252.5,2129.3,57.237990995649454,-20.01502859659384
Uruguay,2017,2022,Educational attainment - low,Low,0.6396728744309684,0.5886300403561514,866.8,826.1,-43.20520690262887,-24.995964315917846
Uruguay,2017,2022,Educational attainment - middle,Middle,0.21093014412428973,0.23584764568933939,1349.6,1094.0,30.444203412177668,-57.09820153818178
