country,period,year,series,survey,education_groups,positive_incomes,positive_workers,stated_workers,payroll,published_total_income_usd_2017_ppp,published_total_workers,synthetic_income_usd_2017_ppp,income_reconstruction_error,worker_reconstruction_error,complete,dashboard_cells_matched,maximum_dashboard_gap,total_dashboard_gap,start_year,end_year,endpoint
Argentina,2016-Q4,2016,1,EPHC-S2,3,True,True,11449922.0,14504826500.8,1267.3,11449922.0,1266.805704073792,-0.0003900386066503564,0.0,True,3,0.0,0.0,2016,2023,initial
Argentina,2023-Q4,2023,1,EPHC-S2,3,True,True,13509415.0,12397687380.2,918.2,13509415.0,917.7071975507453,-0.0005367049109723176,0.0,True,3,0.0,0.0,2016,2023,final
Bolivia,2016-Q4,2016,1,ECE,3,True,True,4914036.0,4814048424.9,997.3,4914142.0,979.6526571844406,-0.017695119638583518,-2.1570398250600004e-05,True,3,0.0,0.0,2016,2023,initial
Bolivia,2023-Q4,2023,1,ECE,3,True,True,6681155.0,6296993265.1,957.7,6681155.0,942.5007001184676,-0.01587062742146016,0.0,True,3,0.0,0.0,2016,2023,final
Brazil,2016-Q4,2016,2,PNADC,3,True,True,90052737.0,80309651621.5,897.3,90052737.0,891.8068933485054,-0.006121817286854563,0.0,True,3,0.0,0.0,2016,2023,initial
Brazil,2023-Q4,2023,2,PNADC,3,True,True,100864856.0,94982878133.7,944.8,100864856.0,941.6845658680164,-0.0032974535689918863,0.0,True,3,0.0,0.0,2016,2023,final
Chile,2016-Q4,2016,2,NENE,3,True,True,8231331.0,9551532713.6,1173.8,8262426.0,1160.387392221258,-0.011426655119050826,-0.0037634225105314103,True,3,0.0,0.0,2016,2023,initial
Chile,2023-Q4,2023,2,NENE,3,True,True,9283492.0,11862432492.2,1290.9,9291127.0,1277.7985366066994,-0.010149092410954155,-0.000821751763806479,True,3,0.0,0.0,2016,2023,final
Colombia,2016-Q4,2016,1,GEIH,3,True,True,22551116.0,16880349034.0,754.6,22561503.0,748.5371914188194,-0.008034466712404799,-0.00046038599467420233,True,3,0.0,0.0,2016,2023,initial
Colombia,2023-Q4,2023,2,GEIH,3,True,True,22830432.0,20621232590.0,907.7,22831131.0,903.2344455856113,-0.004919636900285059,-3.061609168639083e-05,True,3,0.0,0.0,2016,2023,final
Costa Rica,2016-Q4,2016,1,ECE,3,True,True,2062547.0,2677906936.6,1328.4,2063366.0,1298.349534143949,-0.022621549123796297,-0.00039692424901835156,True,3,0.0,0.0,2016,2024,initial
Costa Rica,2024-Q4,2024,1,ECE,3,True,True,2231211.0,2910405498.2,1315.4,2231211.0,1304.4062162655166,-0.008357749532068942,0.0,True,3,0.0,0.0,2016,2024,final
Dominican Republic,2016-Q4,2016,1,ECFNT,3,True,True,4307379.0,3441745055.2,800.5,4312610.0,799.0346461734619,-0.0018305481905535896,-0.001212954568115364,True,3,0.0,0.0,2016,2023,initial
Dominican Republic,2023-Q4,2023,1,ECFNT,3,True,True,4956053.0,4139698318.6000004,836.8,4957992.0,835.2812850467903,-0.001814907926875729,-0.00039108574600362406,True,3,0.0,0.0,2016,2023,final
Ecuador,2016-Q4,2016,1,ENEMDU,3,True,True,4970697.0,4166279518.2,842.8,4971445.0,838.1680714394781,-0.005495881063742084,-0.00015045927290757515,True,3,0.0,0.0,2016,2024,initial
Ecuador,2024-Q4,2024,2,ENEMDU,3,True,True,8230120.0,5709266587.599999,707.5,8230158.0,693.7039299062467,-0.019499745715552387,-4.6171653083695355e-06,True,3,0.0,0.0,2016,2024,final
El Salvador,2016-Q4,2016,1,EHPM,3,True,True,2712250.0,1517402390.7,563.6,2712250.0,559.4625829846069,-0.007341052191967906,0.0,True,3,0.0,0.0,2016,2023,initial
El Salvador,2023-Q4,2023,1,EHPM,3,True,True,2822789.0,1940509005.1,690.5,2822789.0,687.4438738070752,-0.00442596117729878,0.0,True,3,0.0,0.0,2016,2023,final
Guatemala,2016-Q4,2016,1,ENEI,3,True,True,6642062.0,4048261675.3,613.9,6642062.0,609.48869120764,-0.0071857123185534,0.0,True,3,0.0,0.0,2016,2022,initial
Guatemala,2022-Q4,2022,1,ENEI,3,True,True,6949059.0,4373276935.299999,634.0,6949059.0,629.3336889642179,-0.007360112043820326,0.0,True,3,0.0,0.0,2016,2022,final
Mexico,2016-Q4,2016,1,ENOE,3,True,True,51337636.0,32866659218.4,614.5,51389704.0,640.205934266237,0.041832277080939013,-0.0010131990641549522,True,3,0.0,0.0,2016,2023,initial
Mexico,2023-Q4,2023,1,ENOE,3,True,True,59263747.0,41384030008.1,673.4,59363084.0,698.3026234925712,0.036980432866901176,-0.0016733800420476806,True,3,0.0,0.0,2016,2023,final
Paraguay,2017-Q4,2017,2,EPHC,3,True,True,3055833.0,3054170042.1,1007.0,3058454.0,999.4558086453022,-0.007491749110921324,-0.0008569689130521499,True,3,0.0,0.0,2017,2023,initial
Paraguay,2023-Q4,2023,3,EPHC,3,True,True,2938970.0,2922016365.8,1002.0,2939381.0,994.2314367958843,-0.007753057089935836,-0.0001398253577879152,True,3,0.0,0.0,2017,2023,final
Peru (Lima and Callao),2016-Q4,2016,1,EPE,3,True,True,4865613.0,4498673302.0,926.8,4865613.0,924.5851040763004,-0.002389831596568408,0.0,True,3,0.0,0.0,2016,2023,initial
Peru (Lima and Callao),2023-Q4,2023,1,EPE,3,True,True,5288430.0,4363714415.4,828.8,5294304.0,825.1436466777474,-0.004411623217003602,-0.0011094942791347077,True,3,0.0,0.0,2016,2023,final
Uruguay,2016-Q4,2016,1,ECH,3,True,True,1652556.0,1866376214.4,1129.9,1653772.0,1129.3875756101459,-0.0004535130452732381,-0.0007352887822505158,True,3,0.0,0.0,2016,2023,initial
Uruguay,2023-Q4,2023,4,ECH,3,True,True,1668590.0,1881734676.5,1128.9,1669222.0,1127.739394638587,-0.0010280851815156263,-0.0003786195005817081,True,3,0.0,0.0,2016,2023,final
